Pair,KS_stat,KS_pvalue,Cliffs_delta,N_Orig,N_DNN
Drillhole (Orig vs DNN),0.6161194848496907,0.0,-0.52592244078125,6395294,920225
Surface (Orig vs DNN),0.19530800391385517,0.0,0.0266133375,993356,544886
