Pair,KS_stat,KS_pvalue,Cliffs_delta,N_Orig,N_DNN
Drillhole (Orig vs DNN),0.19809650865307216,0.0,0.226050091875,2459773,920093
Surface (Orig vs DNN),0.19963926453895509,0.0,0.04836931859375,980934,544464
