Pair,KS_stat,KS_pvalue,Cliffs_delta,N_Orig,N_DNN
Drillhole (Orig vs DNN),0.19975822204997107,0.0,0.22741201875,2466130,920225
Surface (Orig vs DNN),0.19922523938968217,0.0,0.04613651640625,981318,544886
